21.05.2022,Nesta data a prototipagem conseguiu atingir seu objetivo,waldyr
21.05.2022,Segundamente nesta data foi inserido novos dados para confirmação de bom estado,waldyr
21/05,Julia foi pro cinema,julia
21.05.2022,Waldyr foi no mercado comprar PÃO,waldyr
21.05.2022,Segundamente nesta data foi inserido novos dados para confirmação de bom estado,beth
31.05.2022,Waldyr começou ontem a assistir Stranger Things. Hoje ele já assistiu uns 3 episódios,waldyr
07/07/2022,Anos depois, consegui entrar no CRUD,9492d45c5341c593309adeef72bf74a1
07/07/2022,Novamente consegui o acesso ao meu crud,9492d45c5341c593309adeef72bf74a1

21.05.2022,Lorem ipsum dolor sit amet, consectetur adipiscing elit. Donec nec ullamcorper nulla. Pellentesque ut felis a tortor placerat rutrum. Integer eget cursus nisl. Pellentesque magna urna, dapibus et molestie et, vulputate in augue. Etiam et interdum felis. Ut sit amet purus facilisis, efficitur mauris accumsan, aliquet justo. Quisque feugiat ligula vitae leo finibus, lobortis molestie felis maximus. Mauris tempus ultrices eros, vel dapibus libero dapibus at.,9492d45c5341c593309adeef72bf74a1
21.05.2022,Vestibulum metus dolor, luctus sed orci sed, tempus lobortis lacus. Pellentesque vitae enim sed tortor consectetur sodales pretium vitae nisi. Nulla tempus suscipit tellus. In tincidunt vitae sapien ut maximus. Vestibulum tempor velit non porttitor euismod. Vestibulum bibendum convallis elit ac sagittis. In id aliquam quam, sed bibendum arcu. Vivamus malesuada lacus eu maximus aliquam. Fusce vitae imperdiet ante. Orci varius natoque penatibus et magnis dis parturient montes, nascetur ridiculus mus.,9492d45c5341c593309adeef72bf74a1
08/07/2022,Já dá pra usar!,c2e285cb33cecdbeb83d2189e983a8c0
